text,label,prelabel,notes
"Doncic in response to trash talk (only taking the last two weeks into consideration): ""you know that's not true""",reaction,reaction,
"They are. They can’t use the MLE anymore, can’t trade any first round picks 67 years out, and can’t aggregate salaries in trades. That’s why they’re trying to lock the entire core down now",breakdown,breakdown,
I know. The numbers are just hilarious when you actually look at them,reaction,reaction,
"Aside from the fact I admitted it each time, sure. I’ll give you the win because you need one in this exchange, and I know you’re avoiding the broader point that your position is the one primarily held by only Celtics homers, while mine is held by sixers homers, yes, but also basically all of the nba landscape. I wonder which one of those two is more likely correct",take,take,
Let them eat Churros,reaction,reaction,
Do you understand what bitch means and where it comes from? We don't condone racism in calling people the n-word so why should we condone calling women bitch?,take,take,
Wants to be a Warrior for life? That’s a paddlin’,reaction,reaction,
No. Definely not negative defender. He was very serviceable and was competitive on the defensive side of the ball.,take,take,
you think previous FMVPs cannibalized their team's players? LOL Jaylen probably has one of the lowest assist averages of previous FMVP too,take,take,take vs breakdown: cites 'lowest assist avg' but stat is vague/decorative -> take
"Maybe not a star but between another top 3 pick (probably), Cade, Jalen and 60 mill in cap space, they should at least be able to improve from this season and win 30-35 games next season",breakdown,breakdown,
Bronny has killed it at every stop except one where he had a HEART ATTACK to start the season. Yet this sub only cares about that one.,take,take,
"And he would be the independent doctor in this scenario for the athletes he actually examined. He's not the ""independent doctor"" for athletes he never examined, which is the case for all athletes he's talking about on twitter since he wouldn't be talking about them if they were his patients.",take,take,
"Son. It’s ok to accept that your team, the nets, are dog food tomato can fodder for the likes of the Celtics. It’s ok to accept that Tatum has sent the nets into irrelevance. You just have to wait 10-15 more years for the next best shot. Be patient. Allow Tatum to have his reign. Time for bed son",reaction,reaction,
Bigger foul baiter than SGA,take,take,
"2 times more than 449 other NBA players. He had a right to be mad, but he doesn't handle these situations in the best way.",take,take,
"Durant joined a team that had set the wins record on the back of Curry's brilliance. Durant's playoff TS% jumped 12 points when he left OKC and went to the Warriors, and the two highest marks in his career are next to Curry. Basketball isn't defined by awards voting.",breakdown,breakdown,
"Murphy played a lot more minutes than Hayes. The ""bad"" results have been that we have some of the best player development in the league. Criticize Willie and the org for other stuff, but how he handles rookies ain't it.",breakdown,breakdown,
A friendly reminder that this exact top 5 +Mason Plumlee + Kelly Oubre made the play-ins two seasons ago. This team is a mindfuck,take,take,"take vs breakdown: real historical roster fact, but conclusion is a vibe ('mindfuck') -> take"
"Most Sixers fan’s in our sub are beginning to lose a lot of the love we had for Morey. It’s just we’ve been so mismanaged since there mid 2010s, we’ll take even a theoretically competent GM",take,take,
Needs to be banned to be honest. This is just astroturfing,take,take,
"flair up, buttercup",reaction,reaction,
And you would be sincerely wrong if you don't think the lakers fanbase wouldn't be pissed the fuck off. And they would be right to be so.,take,take,
No he doesn't...,reaction,reaction,
The knee burns outch,reaction,reaction,
Him and Draymond follow the same defensive tactic for 3's I see,take,take,
Lmao for a split second I forgot about that accidental renaissance painting of a moment.,reaction,reaction,
"Even a team like Charlotte would greatly benefit from him. San Antonio could have one of the best frontcourt defenses of all time with him and Wemby. Plus Draymonds playmaking would be huge need filled for them. The only argument to make would be that Draymond would have struggled at first and not given the chance on teams in the landscape of 2012-2013 basketball. But in todays game, he honestly makes a big impact on most teams.",breakdown,breakdown,
It was such a dumb decision to begin with. You don't solve a problem by creating another one. The only players it hurts are the ones trying to be an MVP or All Team NBA. Plenty of other players that can still load manage that don't care or have no chance of winning those things. You solve load management by changing the amount of games. We already have judges to decide who wins the awards. The awards should go to the best player. How many games they play was already a factor. This was really dumb and someone is going to be an MVP with a giant asterisk.,take,take,
This package that is reported for Bogdan Bogdanovic would be interesting. He's the frontrunner for 6MOY right now but the Hawks are going nowhere and he's a vet so might be available.,breakdown,breakdown,
Not to the guy that scores his 1st point in the nba,reaction,reaction,
Lmao going to rings alr. Just answer the fking question. The answer that everyone knows,reaction,reaction,
What could have been. He was so fun to watch,reaction,reaction,
"he got them to the eastern conference finals, but otherwise they've been pretty mediocre with him as the main guy.",take,take,
"[ In the 2015-16 season, he ran 2.46 miles per game on average. This season, 2.44.",breakdown,breakdown,
Huge upgrade getting him off the panel,take,take,
"Eh he was sliding and didn’t hit the defender square at the point of contact. It’s a moving screen lol. The tech is more upsetting because although it’s pretty much an automatic first tech to cuss the ref out and point at him, it’s a soft tech that results in an ejection. Usually refs give more of a leash to players if they’re one tech away from disqualification. We see that pretty often. That said though, Deandre’s got to know he’s not the level of player anymore that is above a soft ejection.",breakdown,breakdown,
When they come back to Denver the first time.,reaction,reaction,
we have 54 and they have 55 This level of pettiness will never be reached ever again. Do it.,reaction,reaction,
"Look, look at the stats of my one-man-shows! Every ball goes through them. They canibalize every other team player in the process but glorious MVP titles are strong with them. They are amazing players but people sometimes forget, this is team sport and players should be evaluated by their contribution to the team, not for their own careers statistics.",take,take,
Parks & Rec Legend Detlef Schrempf.,reaction,reaction,
"FVV is a 2 year deal, that’s why it’s so high. He would not get 40M+ on a 4 year deal. Pascal is a true max level player, someone who has made All NBA",breakdown,breakdown,
They’re both great passers but Haliburton is at a completely different level as a shoote.,take,take,
"Because I think that the Pacers thought they had the game ball and started taunting Giannis, not realizing they had the reserve ball and the Bucks coaching staff has the real game ball.",take,take,
I mean hey i can support you on that one lol,reaction,reaction,
I haven't even the tweet and don't even plan to see it lmao,reaction,reaction,
"He is half Norwegian, half Mexican.",reaction,reaction,
Guess he's not really about it then,reaction,reaction,
"With Ayton, it’s not that he’s a bad player, he just leaves you wanting more. 7’ with a 7’5.5” wingspan, 245lbs, strong/athletic build, very fluid/coordinated, excellent midrange game for a centre, and he does have some of the skills that normally lead to a strong post game, shows impressive footwork and a nice hook shot at times. The tools are there to be an elite centre, but instead he’s just a solid but unspectacular starter most of the time. Too often he settles for middies instead of taking it hard to the basket or abusing guys in the post, he gets smaller players switched onto him then d",breakdown,breakdown,
"Harden and DD would actually help them get to the playoffs tho, that should be the goal now. Out they’re doing right now is an embarrassment",take,take,
Someone with last name butler was injured,reaction,reaction,
"I actually believe Randle would allow a Knicks vs. Celtics series to be closer than one would think. Randle can create a shot for himself and makes it so opposing defenses can not fully load up on Brunson like we've seen this playoffs. Assuming no injuries, Randle at the 4 allows OG to be at the 3 and allows Hart to come off the bench. This alone is huge because OG causes way more havoc at the 3 from what we've seen during the Knicks January 14-2 run. Again, this wasn't the case but the Knicks fought with what they had. Can only hope for a full squad next season.",breakdown,breakdown,
Zach LaVine/Butle is a weird fit,take,take,
He’s locked & loaded baby.,reaction,reaction,
"Even if LeBron signed with the Warriors this offseason for the TPMLE, the Warriors still wouldn't be contenders. Steph, washed Klay, 39YO LeBron, Draymond and Looney are still losing to Jokic",take,take,
"Thank you for running the numbers, that is crazy efficiency. It's obnoxious that OP mostly just uses FG% with no mention of actual efficiency despite it being the title of the post.",take,take,take vs breakdown: argues about efficiency methodology but offers no numbers of its own -> take
"Was a net +21 in this game, tied for the highest. Impressive.",breakdown,breakdown,
I ain’t faulting the Pacers at all they had a fantastic game. I’m just saying the experts probably would’ve picked them if they had the knowledge of who would be hurt.,take,take,
Houston isn't a larger market?,reaction,reaction,
Man this makes the Giannis injury sting even more,reaction,reaction,
Huh? Lebron is on the Lakers so how is that weird? lol Fans talk about their players. There’s a video on this sub somewhere showing all the fouls Giannis got See how you singled out Giannis over everyone else listed in the post?,take,take,
Well your original comment was just flat out wrong. It also wasn’t “Krauses Memorial” but a ceremony honoring the 90s Bulls teams. Krause feuded with the players and hated Jackson. He broke apart a team coming off their second three peat due to giant ego. So yea the fans were right to be pissed at him,breakdown,breakdown,
We wouldn't have gotten Ant if the trade didn't go exactly the way it did. The hypothetical is moot,take,take,
I mean… he won a title with this strategy. Can you blame him?,take,take,
Love to see people who understand this.,reaction,reaction,
Morey reminds me of Rawls in season 1 of the wire asking Jimmy where he doesn’t want to go and sends him there after the major crime unit wraps up the case.,reaction,reaction,
hasn't he been kinda bad in Greensboro lol,reaction,reaction,
OG and heyward should have a competition to see who can get the oddest injury,reaction,reaction,
This game is amazing,reaction,reaction,
"I was a Monty-Stan for a minute there, mostly because I thought he was right about Ayton being a massive bitch but over the years the veil has been lifted. I mean he was right about Ayton but he seems to treat some players like shit and call it “tough love” but it just doesn’t work.",take,take,
I mean it’s fair to have criticism of the FO but at the same time thunder and mavs scored the exact same amount of points and we shot like shit on wide open/lightly contested 3’s for all but 1 and a half games. I feel like the FO knew that at some point our young core would have a deer in the headlights moment so why throw assets at a season that has a bit of a ticking time bomb attached. This is the youngest this team will ever be and likely the worst we will look in the play offs and we swept round 1 and played the mavs to a competitive 6 game series while not play our best that’s a good sea,breakdown,breakdown,
Ya and who did they beat up on? Please enlighten us on how super talented the league was back then? How super competitive and talented the eastern conference was? Fking nephew just arguing for the sake of arguing.,take,take,
The NFL playbook,reaction,reaction,
i think its gonna be consensus by around the third season that he’s the best in the league.,take,take,
yeah like i’m gonna spend my time watching the Sons,reaction,reaction,
Why would I find pictures in a dictionary,reaction,reaction,
"Very curious to see how the Clippers handle the KAT / Gobert matchups, and whether we’ll see the first 2-big rotation of the season. I’m guessing Mann on Edwards, Kawhi on KAT, PG on McDaniels, Harden on Conley, Zu on Gobert.",breakdown,breakdown,
Prozac is about to drop the bag.,reaction,reaction,
"It's funny thinking back, there was fan criticism that they weren't willing to spend into the luxury tax in past years, but Wyc's always been on record that they'd spend for a championship team. Looks like they're sticking with that for the next 2 or 3 years for this current window.",take,take,
Well i guess you are overdo for one lol. Also rn they dont have the best defense and your team is a great offense sooo...i expect at least 130 from both teams,take,take,
Wonder who will it it first between NBA and MLB. Don't follow baseball that close but we'd need another Ohtani which is hard to imagine.,reaction,reaction,
"[The Man’s Too Strong]( … honestly kind of the perfect Tobi song from Dire Straights catalog. I mean: “Now they say I am a war criminal And I'm fading away Father, please hear my confession … I have legalized robbery, called it belief I have run with the money I have a-hid like a thief”",reaction,reaction,
THE SPURS NEED 20 MORE NATIONALLY TELEVISED GAMES FOR THEIR LOSING STREAK!!!,reaction,reaction,
Has anyone been more obsessed with trying to find patterns that aren't there or historical references than Bill Simmons? He's like statmuse but for hot takes.,take,take,
"Continue to max an injured vet that is blatantly saying he doesn’t want a chip and would prefer a bag. Don’t get me wrong I love Pg, but if goals aren’t aligning then a change needs to happen or else neither party is happy. I got love for the dude. He gave us the best he could with what he and the org had. Don’t assume I’m trashing P because I want him gone. You gonna make an ass out of yourself for being so ignorant",take,take,
Bro is damn near 40 playing 100 minutes lol,reaction,reaction,
If the actions of Knicks fans have any bearing on the destiny of the actual team we are indeed fucked for a long time more.,reaction,reaction,
"Mitchell by default is second because Brunson hasn’t done it long enough and getting bounced in the 2nd round by the Pacers isn’t some great accomplishment As opposed to getting bounced by Brunson in the first round two years in a row? If you want to pick Mitchell that's fine, but this logic makes no sense lol. Especially considering Brunson didn't even get to finish the series against the Pacers.",breakdown,breakdown,
every title team is team first. but they also did it with superstars being superstars Jaylen chucked his way to 7/23 shooting and Celtics still won by 18,breakdown,breakdown,
Had to look this up to confirm it was real lol,reaction,reaction,
Haven’t even heard about a package for Bogdanovic. What is it?,reaction,reaction,
Doctors hate this one weird trick,reaction,reaction,
The media been trying to blow up the warriors for mad long. Lmao getting Steve Kerr to concur on draymond being wrong would be a nail in the coffin for the warriors.,take,take,
"You contradict yourself. You call DeRozan mid because he doesn't have a ring yet you think Lavine can win a ring lol. You understand basketball so much, I bet you can run up and down the court 3 times before getting gassed.",take,take,
This isn't new. They all want everyone to be washed or unfixable. We see it with Klay (who's been on fire lately yet everyone still says he's washed) and Ben Simmons. They all root for their failure.,take,take,
TJ McConnell is Jalen Brunson father,reaction,reaction,
both these teams deserve to be in the finals. Dallas seems a tier below to me. They're gonna all of a sudden go from a small team to guarding giants and are going to have to stop elite bigs in the paint. Celtics are far and above the best team from the east.,take,take,
Clip cut short. Pacers personnel takes the ball and Hield and Turner said don’t give it to him,reaction,reaction,
"I thought it was a ""Elbow above the rim"" sign in reference to Jokic's incredible hops.",reaction,reaction,
"That ref must hate him to call that. In the NBA, you see 50 worse screens per game that aren't called.",take,take,
Celtics haven’t beaten a fully healthy opponent either.,take,take,
You hear it both ways though. It's MJ had it easier from expansion or Lakers only competed against 22 other teams.,take,take,
"This is a pretty moronic take when you actually know the details, but you do you",reaction,reaction,
Imagine how nervous you’d be if you were 40 years old and had never seen a team win a championship in your state,reaction,reaction,
It says a lot when Draymond’s only defenders are people who seem to be the only ones who haven’t watched footage of Draymond’s incidents. It’s almost like watching the footage of his violence makes you realise he’s violent 🤯,take,take,
"I looked it up and they had a 76.9% winrate vs the East, and 86.7% (26-4) vs the West",breakdown,breakdown,
"Everyone saying no has never played before. Having an extra person is a humongous advantage, gives you so much versatility to do loads of things without the trade-offs traditionally associated with such decisions. And I think people are missing the point saying having six is a lack of space for the offense. It would be so easy to generate dunks with some half-decent screening and moving, which despite how bad the Wizards are, their players are capable of. And if they miss? They can crash the glass without worrying about giving up a fast break.",breakdown,breakdown,
Are they playing in the Olympics together? That would be fun to watch.,reaction,reaction,
The Catholic Church strategy,reaction,reaction,
Nah. But a forward that can defend and facilitate is a necessity. Im a mavs fan second. Lbj would fit in pretty dang well.,take,take,
There’s bench players in the nba today who are more skilled than all stars in the 80s. NBA progresses and changes over time and skill level will always progressively climb. You can’t compare skill levels of a 2020s player versus a player 40 years prior. Taking a random NBA player let’s say Sydney Moncrief woundve made every player from 40 years prior look like a child. Prime 90s Scottie Pippen would’ve wiped Jerry West or Oscar Robertsons ass all over the court. It doesn’t mean Pip is a greater player. Contributions and achievements during their era against their peers determines greatness. Ye,take,take,
It's not going up to 70. That's delusional thinking. It's also not the 65 game mark that's limiting load management. It's the fines that teams will be on the hook for.,breakdown,breakdown,
No he played against Spurs a few days ago,reaction,reaction,
You can look up any player in any season and their stats for summer league. Tshibwei did not play in the summer league tho,reaction,reaction,
Bros absolutely unhinged about JB finals MVP lmao,reaction,reaction,
"Yeah bro so much culture, I have to take a dirty train car to go see a basketball game that costs 8x what it does anywhere else its culture, I cant drive myself to anywhere that a human isnt 500 ft away from me, its culture bro please so much culture",reaction,reaction,
LOL Eubanks airballs a dunk and KD has to clean up the mess.,reaction,reaction,
I mean the math is right there lol yeah there is actually a very good chance he never achieves all NBA again. Embiid should be more worried about playoffs at this point in his career anyway.,take,take,
Bro it’s what I imagine a serial killer looks like when eyeing prey,reaction,reaction,
"That's be great to bring to the NBA. But I don't think it's the sliding foot that gets the call here. Look at his left shoulder and especially his left hip as it makes contact. That hip is 1) moving and 2) outside his shoulders. Both feet could be planted and that's a foul that can get called. It's a marginal foul, but definitely a foul.",breakdown,breakdown,
warriors haters are some serious weirdos man,reaction,reaction,
Jrue Holiday erasure,reaction,reaction,
"CP3's ranks in [EPM]( over the years are crazy. Top 3 for 10 consecutive years, including 6 times at number 1. 2006: 11 2007: 14 2008: 1 2009: 1 2019: 3 2011: 1 2012: 1 2013: 2 2014: 1 2015: 2 2016: 2 2017: 1 2018: 4 2019: 28 2020: 13 2021: 19 2022: 12 2023: 45 2024: 70",breakdown,breakdown,
"The proof is watching the series, you even got Mavs fans telling you this lol. Bad defense doesn’t mean whoever you’re guarding is gonna go off, that’s just a shitty way of looking if it’s a good defensive game or not lmao.",take,take,
veteran presence instead of 24 year olds. You can do the same,reaction,reaction,
Mr. Jordan was not incorrect.,reaction,reaction,
I'm almost there keep going,reaction,reaction,
"Jayson Tatum has 1.) never averaged as much Shai (or even 2023 Shai), has 2.) never been as efficient as Shai (or even 2023 Shai…(, 3.) has never been in the same realm in terms of impact metrics (… or 2023 Shai…) , and 4.) has played with another star …almost every single year of his career?",breakdown,breakdown,
YEAH FUCKING 2nd APRON THAT TEAM FOR THE NEXT 5 YEARS,reaction,reaction,
Trey was +32 (best on the team) and Jaxson was -28 (2nd worst) over that entire series. This was a bad decision. This was after he sat behind Garrett Temple who also had all time bad on/off effects. You also trying to draw this direct line between him being sat behind obviously inferior players and development which is dubious at best.,breakdown,breakdown,
This is actually insane.,reaction,reaction,
"Keep in mind I’m not necessarily saying that he’s top 10 but I would say he’s close. And I think the reason is the same as with Jokic, it’s not always counting stats that show his command of an offense. Hockey assists are real. Jokic is all world and one of all time greats because he does that PLUS he does everything else that helps his teams win.",take,take,"take vs breakdown: 'hockey assists' reasoning is conceptual, no verifiable evidence -> take"
Cameroonian warlord bodies white boy from suburban Delaware,reaction,reaction,
lol KD be on these tweets,reaction,reaction,
The audacity...,reaction,reaction,
And then sold the series that got Doc fired lol,reaction,reaction,
The Colin kaepernick stuff was big time institutional racism. Kaepernick got black balled from the entire nfl there’s no doubt. Kaep was at the very least back up caliber when he started protesting. And I’m talking like best back up in the league.,take,take,
"Right but then Stephen a has ripped the brad Stevens hire, he’s ripped the Steve nash hire, and he’s ripping lebron and JJ here. I mean point is he’s all over the place. He’s constantly contradicting himself.",take,take,
"It's def not, but look at bens contract as a negative",take,take,
"Do you?? When the Mavericks would come down the court, he would match up with the center. He would literally guard the center one on one. Not help. Not a switch. Individually matched up with the center. You are wrong. Everyone else is right.",breakdown,breakdown,
Pop is trying something new thats never been successful before. Ive been asking folks to show me and nobody has shown me proof of this. Only proof of Pops proven method using Vets to lead— is being used in more situations than just sports. Kawhi credited Winning culture with his development,take,take,
The disrespect to Jonathan Bender,reaction,reaction,
Only since like 2022. Maybe pre AD as well but he definitely was playing defense in 2020 and 2021.,take,take,
Needs more calcium. Josh Hart will breast feed him in the office season and heal him,reaction,reaction,
!remindme 3 months,reaction,reaction,
Go watch Jimmy highrollers new video. Honestly must watch for every basketball and honestly sports fan imo,reaction,reaction,
What's up with the pedophile that you posted about? Do you have proof?,reaction,reaction,
You’re talking about Ja right?,reaction,reaction,
I think all started when he literally played the villain as Kermit in the movie Hustle.,reaction,reaction,
Definitely his elbow,reaction,reaction,
He’s not really a flawed player / he’s got an amazing set of skills and great size. He’s just not motivated,take,take,
"brother their team averaged 40 points a game, billups is the hallmark of intangibles in basketball. elite shooter that year, staunch defender. in terms of the more tangible stuff, rip brought it on offense and ben on defense. if he wasn't that guy all season he definitely emerged as the top dawg in the playoffs",breakdown,breakdown,
2nd worst thing to happen to Dallas this week,reaction,reaction,
"It's the internet. Tone is hard to discern. But damn it, I hate having to put '/s' to tell people I'm being sarcastic. I felt like that one was pretty clear lol.",reaction,reaction,
"Is perkins actually saying something smart, and on point? This season has been insanity. It is funny how steve kerr is versed in political issues enough to voice his opinion, but didnt even watch the replay of one of his star players getting ejected. I don’t envy his position tho. Its gonna be a rough year for the warriors and he has to know big changes are comming.",take,take,
"Trajan better not even ask the Pels to talk to Detroit native, Willie Green.",reaction,reaction,
"Man, honestly? Knicks are cursed. I'm rooting for them now. They're the good guys. I'm gonna cheer for Raptors and Knicks next season",reaction,reaction,
Brad’s been saying this for years. Brad was saying this after we lost in the finals and everyone was saying we needed to upgrade our playmaking. He was saying this after the Heat series loss last year and signaling that we would start with just DWhite (post Smart trade) instead of looking to add an offensive upgrade as a starting guard that would need to be covered for on defense (like Dame). Worked out great that we ended up with Jrue obviously. Brad was visibly thrilled at Jrue’s posttrade media session,breakdown,breakdown,
"I think it's more interesting that Giannis took more FT's last night than Lebron has in the last 6 games combined. Plenty of those calls Giannis got were earned, so it's not about that. It's just insane how many fouls go uncalled for other players while Giannis gets every one. To be clear, because I know my flair will make people try to dunk on me, this is no way a sleight towards Giannis. It's just clear that the league says ""call them all for player X, Y, and Z but only call a third of the fouls for players A through W""",breakdown,breakdown,
They’re not going from on the brink vs 2 crippled teams to beating Boston multiple times,take,take,
"Better than what ESPN did. “They won’t keep shooting like this,” “The Knicks had such a great season. Hats off to them,” etc",reaction,reaction,
He was an okay high school player. He only got high school all American because of his dad and name tho. He wouldn’t of went to usc or a big school if he wasn’t brons son,take,take,
"I think you should check play-by-play. With how much you are pushing this angle, one would assume you have your facts straight.",reaction,reaction,
"Lmao why bother, you're just going to make up your own shit to argue against like you've been doing. You've been basically arguing over shit in your head putting words in my mouth so you could be mad, and then downvote everything I type like that means anything but it makes you feel better lol if you ever actually wanted to have a real conversation, maybe you should've had one instead of making up an argument Lol you don't even know what race baiting means",reaction,reaction,
"No, I’m just stating that the bench is better. That’s all",take,take,
"Because continuous wear and tear can make players more susceptible to injuries, even if that injury is not directly wear and tear related. And because this happens with every team Thibs coaches.",take,take,
Eubanks needs to learn Chinese,reaction,reaction,
Oh boy do I have the video for you.,reaction,reaction,
He will suck if he goes to Philly. Loser mentality has infected that team,take,take,
Okay you sound more sensitive,reaction,reaction,
Honestly didn't even get a chance at the start of the season. Just straight down to the G-league.,reaction,reaction,
"Lmao, let's have Haliburton be sad and mopey and not praise his teammates, all because they played who was in front of them.",reaction,reaction,
"""Charlotte too, ain't that right Kyle?""",reaction,reaction,
"Don't agree but, nonetheless, COYS",reaction,reaction,
"Knicks fans in tears, you actually lost the series 5-3 because the Pacers won game 1.",reaction,reaction,
[Extremely BasedGod voice] 🎼 Fuck Kevin Durant 🎶,reaction,reaction,
Are you slow? Do research before talking out of your ass.,reaction,reaction,
And it gets even crazier because he also averages 11.7 rebounds and 9.3 assists (only 2.8 turnovers) in 33 min. The best stat imo is his reliability. My guy has missed 1 game so far. Last season was the first time he played <70 games (69).,breakdown,breakdown,
"From 30th…. Yeah ? That’s absolutely a DPOY level impact, despite the fact that that’s a strawman to begin with. Let me guess, is Rudy Gobert also not an elite defender because he has some minor defensive deficiencies ?",breakdown,breakdown,
"Yep. Lebron and AD are intresting ones cause they are probably the best duo in the league. You could argue JT and JB, but id still say its those 2 as they are both more often than not in the top 10 for most guys. Yet the Lakers arent all that good due to the rest of the roster. They really did themselves in with that Russ trade.",take,take,
"I'd like to take this chance to apologize... TO ABSOLUTELY NOBODY, THE WORLD CHAMP DOES WHATEVER THE FOOK HE WANTS",reaction,reaction,
What was the intention disrespect though? The bucks had the actual game ball didn’t they?,reaction,reaction,
"Accountability for a Reddit comment, in which I already said I might be wrong in the original comment? Dude this is truly pathetic…",reaction,reaction,
Sure but you had the jays established as your lead offensive creators. Every situation is different. If Boston had one offensive creator I’m not sure Brad wouldn’t have sacrificed some defense. The clippers couldn’t trust kawhi to be healthy and needed playmaking so we got harden. Jrue might be a better player but in our situation he and George get swept by Dallas,breakdown,breakdown,
"Personally I would trade anyone except Wemby, Sochan and Vassell. Id rather add more picks than to include Jeremy and Devin. This may sound crazy for others but Im really high on these guys especially Sochan as I see him as the glue guy of this team in the future tbh.",take,take,
eubanks is terrible,take,take,
Bucks truthers are going insane after last night’s shenanigans,reaction,reaction,
Giannis top 5 all time??? Who tf said that after they won the title,reaction,reaction,
Is Jamal Murray going to be Michael Jordan or Jordan Poole tonight,reaction,reaction,
"Yeah and that's my point - SAS (i.e a self identified ""conservative"") was shitting on Kaepernick to such an extent TO defended like that Max for his take.",take,take,
Porn-addicted P,reaction,reaction,
nah i genuinely think it will be competitive especially with Hali looking back in form.,take,take,
"We definitely bring our guards down too low to help and people use that to excuse Reaves but Reaves noticeably goes further away from his man and recovers slower than anyone else on the team, meaning each of those 2 are his own problem. There's a reason why he in particular is involved in more of the open 3s.",breakdown,breakdown,
Hope y’all make it out of the play ins !,reaction,reaction,
NBA refs are so bad,reaction,reaction,
Is that supposed to impress me?,reaction,reaction,
That’s literally what he is saying,reaction,reaction,
Rare Kendrick Perkins W,reaction,reaction,
Knockoff Jerseys ?,reaction,reaction,
here we goooooooooo,reaction,reaction,
"""Some"", weird way to say here are the two turnovers that he had. I don't see anything strange with those passes. Like he is the guy with the highest percentage of triple-doubles missed by one figure. Of course, he cares about his stats, just not nearly as much as your average NBA star.",take,take,
Seems the people have decided for you,reaction,reaction,
jokic probably needs a better whistle but your last sentence is crazy lmao. you think the NBA has a conspiracy to prevent 2 time MVP Jokic from being even better because.....he's European?,take,take,
lmao magic acn barely even dribble with his off hand brah,take,take,
Accolades are. Jokic is a worse defender and is still considered the best player.,take,take,
Jalen knew what he was getting himself into Hopefully he isn’t head over heels in love with her,reaction,reaction,
His sample size in the regular season was not large enough to chain him to the bench lol,take,take,
Series will be fun as hell next year if we get to see both teams healthy,reaction,reaction,
Hurt? We are talking about the most injury riddled team potentially in NBA history. Hurt is the ultimate understatement.,take,take,
And if we couldn’t make him care then no team ever could,take,take,
ESPN is not really about Hot Takes ☠️,reaction,reaction,
Game was over. Should have benched him and saved him for game 8.,take,take,
And then lose in the finals?,reaction,reaction,
"And you can't stop a team from targeting the weakest defensive player every time down the court. Only if you have the perfect team composition to do so. A big reason the Celtics were able to target Luka so much is because you always have 5 guys on the floor that are both threats from 3 and can drive to the rim. Literally no other team has that. Having a single non-shooter or even someone who isn't a driving threat on the floor means the other team can have their big roam the pain and they also don't have to concede the switch so easily. If it was that easy to force the switch then LAC, OKC or ",breakdown,breakdown,
Because he's not. Love Howitzer but he's a roll player and a 3 and d guy who gets targeted when he's out there. He's improved for sure on that end but that d is still lower case for a reason,take,take,
"I feel like every time I have watched him for multple years he's limping at some point in the game, that's why I said that. The game you guys whooped our ass he came up limping too",take,take,
athletes have to stop engaging with him but its inevitable now that ESPN/ABC has even more control of the broadcast its just horrible,take,take,
Suns fans wtf happened to Royce? I remember y’all were pretty excited for him at first but dude stinks rn,take,take,
I think it comes down to who scores the most,take,take,
Aaron Nesmith is currently throwing knifes at a picture of Brad Stevens as we speak.,reaction,reaction,
Dude chose money and comfort for his whole career. He’s rich beyond his dreams but never did anything with his life outside of basketball where he’s considered an underachiever. He made his choices.,take,take,
You don't even have to be very good. Deshone Kizer was a pretty prolific hitter in baseball around toledo.,reaction,reaction,
"Thanasis was a lot better at that point in his career. He was drafted the year after Giannis, well before Giannis was a star.",take,take,
yeah I’ve always liked his style of play. So quick. He was good for the Lakers.,reaction,reaction,
Post full rosters stats from that season not from 2 years later. I guarantee it’s better than the roster Luka has last season,take,take,
You are technically correct. It's more like an efficiency rampage.,reaction,reaction,
Nba Twitter is the second worst place to talk hoops with BR being an easy first. Taking anything the people on there say seriously is mistake number one,take,take,
"I respect it tbh. If someone keeps raising the offer, there's only so long you can say no before it becomes really damn stupid to keep saying no. At least he was honest about it, and tbh you could see that he wasn't into it the whole season if you watched any Pistons games.",take,take,
it all depends on the context of the circumstances. do you blindly believe that the actual person with firsthand knowledge of what happened is always telling the truth?,take,take,
"He's black, which helps.",reaction,reaction,
Shy of 1 assist again smh,reaction,reaction,
"You’re good lol, it probably lists him as an FA on some sites because it’s an option, but yeah it’s a 2 mill team option they’ll prob pick up unless they want to extend him long term",breakdown,breakdown,
It makes me wonder…,reaction,reaction,
"i dunno. nba has one of the highest floors of any sport in terms of physical body build. unless you genetically blessed your not even allowed to try attempt a career in basketball. hell a lot of people think unless your a specific race your not allowed to try and theres a bit of truth to it. meaning the pool is small compared to other sports meaning people with less skill can get in over people with a lot of skill due to the body requirements i mean you see it all the time, players that are super underdeveloped skill wise, iq wise, etc. potential/raw/project etc is such a big thing in basketba",take,take,
"Can I just say, I’m so unbelievably excited to watch this game of basketball. I almost can’t contain myself.",reaction,reaction,
In all the years from assistant coach in Boston to Chicago to New York I’ve never seen Thibs smile once,reaction,reaction,
I mean Ja and brooks didn't make it hard to hate on them,reaction,reaction,
There is no way that even without Porzingis the Celtics should let this get to a Game 7.,take,take,
"My dad was born and raised in Rhode Island, might explain everything",reaction,reaction,
Next to a 1st team All-NBA player.,take,take,
"Brad was saying this after we lost in the finals when we were starting Smart and pre-3pt-improvement DWhite. It’s not a new mindset. And Brad was ready for us to start this year with just DWhite at guard versus some of the trade targets people were bringing up for us (like Dame). You don’t need it to win, just like you don’t need to play 5 out basketball to win it all. But either way, you’re getting rid of a core part of the Celtics’ identity and success. I imagine this Celtics team could more or less make it work with a defensive liability at guard. But I also think the ripple effects could b",breakdown,breakdown,
What injuries did the nuggets face ? Deandre Ayton being injured ? And people discount the raptors injury luck because they still had to go through a healthy bucks and sixers team in the East that were stacked.,take,take,
Why am I not surprised that someone from the fan base who voted Reaves as an all star also thinks wemby could be dpoy this year. Y’all must really love that espn hype,reaction,reaction,
"Lmfaooooo is that why Ant screams “AYE” every time there’s minimal contact? This victim complex is annoying, Ant gets a fair whistle.",take,take,
"hey here's a mavs fan here he has a place in the nba. the mavs just had him playing a role he's not equipped for. he's a good man-to-man defender and yes he is smart on rotations. he's just limited by length and lateral quickness. he's good really on 4s and smalle 3s. on offense, you really just want him to be a catch and shoot guy and an off-ball screene. his pump fake is okay but he needs to be smarter when he does it. he is not good at attacking closeouts.",breakdown,breakdown,
you think previous FMVPs cannibalized their team's players? LOL,reaction,reaction,
"I mean yeah, he wants that same +4FTA/g boost SGA did last year so he’s hollering for it. Dude was a guard keeping up in FTA with an MVP center, whistle loves the guy. Ant’s whistle has been great this year, especially in the past couple weeks. Love to see it, but I’m not gunna pretend like he doesn’t get coddled by the refs if he starts getting 11 a game over the course of a season",breakdown,breakdown,
"Villanueva averaged 16/7, Ramon Sessions averaged 12/6 assists, Ridnour averaged 11/5 assists and all of them played the whole season. That team didn’t even lose 50 games and the talent across the board was way lower back then. Not really a great point considering OP is clearly referring to the roster outside of Jokic, who still lead them to 48 wins A more apt comparison would actually be D-Wade that same year you mentioned, who carried the Heat to 43 wins despite all his other teammates being hurt/washed/Mario Chalmers. Lebron did something similar too, but he went 66-16 and at least had a he",breakdown,breakdown,
"It’s a classic case of new owner syndrome. Matt Ishbia buys the team and, like many new owners would, he wants to make a splash move, and he did, he signed KD. However, he couldn’t help himself but continue to want to make splashy big moves, so the Suns traded for Beal and chose not to sign depth.",breakdown,breakdown,
"He's at his best when he's both a high volume scorer and a high efficiency scorer. In 2024, scoring 28.5 on 37 minutes is not such a high volume. That's just 10% more than the 14th scorer (Tyrese Maxey). In 2014 he scored 55% more than the 14th scorer. I think that Jokic Giannis Luka Embiid (Healthy) Leonard (Healthy) and SGA are way above him. Then he's in a group with players who are aging (Steph, Lebron, PG isn't far behind either) or hasn't proved enough yet. I'd personnally pick Butler, Tatum and Davis over him, too. So, 10th at best. But, considering how reliable ""Mr. Unreliable"" is, I'd",breakdown,breakdown,
"I think LeBron still drives to the basket a lot, but the difference (especially with Giannis) is that LeBron tries to get layups instead of dunks now. Giannis goes up with force to just jam it home, whereas LeBron tries to go for a layup right at the rim instead. LeBron really only tries to dunk it if the defense fell asleep and he has an empty lane to just jam it. Giannis much more looks to dunk around and over guys than LeBron does, and I think that extra aggression gets rewarded more than just having a soft touch off the glass for a lay in does.",breakdown,breakdown,
"I agree that well have to see with the shooting. But to my biased eyes his form does look better, and the thing that really gives me confidence is he is shooting this well on nearly DOUBLE the attempts of his previous two years",breakdown,breakdown,"take vs breakdown: opinion on shooting, but 'double the attempts' is real load-bearing evidence -> breakdown"
"No it was purely about money. The salary cap rules at that time did not allow Cavs to go over the cap to resign him (because Boozer was a second round pick). So they let him out of the contract a year early, with the idea he would take the below market extension in exchange for being let out early. Instead he signed a huge contract (for the times) with the Jazz, and Cavs could not match because it would put them over the cap. This rule limiting resigning of second round picks was changed a few years later when Warriors lost Gilbert Arenas because they could not go over the cap to match his fre",breakdown,breakdown,
Not sure how the voting actually went but in Magic's rookie season he had 21.5/11.2/8.7 with 2.7 steals while Kareem had 33.4/13.6/3.2 with 4.6 blocks. The NBA wanted to give it to Kareem but he didn't play the last game and wasn't in the building(I think?) so they gave it to Magic instead. I would consider that pretty close. Another interesting one is when 4/11 voted for the losing team's best player to win the award. Iggy won with 16.3/5.8/4 but 4 of of the judges voted for LeBron who had 35.8/13.3/8.8 leading both teams in all major categories except blocks.,breakdown,breakdown,
"Tatum didn’t really make the playmaking leap til his 3rd year in 19/20. Before then, he rarely was running PnR and almost never initiated offense at Duke. He had a 12.5 AST% at Duke and had 2.5ish assists per 40 mins. Flagg, as a kid who turned 18 3 weeks ago, is averaging 3.7 asts per 40 and has almost double the AST% at 23.5. He’s initiated lots of offense for Duke and has demonstrated the ability to make quick reads and deliver the ball off of screens. He’s definitely better than Tatum was in college as a player maker. Now, Tatum was a more polished scorer for sure, though Flagg’s coming on",breakdown,breakdown,
"2019 Kawhi was better then 2009 Kobe, but 2001 Kobe was better IMO. It's weird because he continued to make all defense all those times after that so people don't quite seem to realize how much better Kobe was defensively in the three peat. In 2009 and 2010 he was basically never really taking on tough match ups with Ariza and Artest taking those. 2001 he was actually an insane defender, can even argue that he was better as good defensively as 2019 Kawhi (Kawhi peaked offensively that year, but himself had decline quite a bit on defense)",breakdown,breakdown,breakdown w/o numbers: detailed role/film reasoning on Kobe's defense -> breakdown (evidence is observational)
"Not really. The most you can argue about him is that he isnt especially good at anything besides scoring. But given how the whole point of the game is to score points and this man is arguably the best in the league at doing that...yeah he is dam good. There aint really a weakness in his game. As a playmaker, he is average. 5.9 assists with 2.8 tos. As a rebounding guard, he is excelent. 5.5, with 0.8 of them being offensive. Which is dam good for a guard. He still gets 2 steals a game, but now he also gets 1.2 blocks a game. Showing that he does hustle on defense. His 3 point % is average, but",breakdown,breakdown,
"who could have challenged Curry's MVP in that season That's the question you asked me, in response to me, talking to someone else?? I'm telling you that wasn't my topic or my point?? I mean Curry having an all time supporting cast doesn't diminish his success, nor does it diminishes SGA's success for having a solid supporting cast. This is all I'm saying. We literally agree, dude. while in Curry's 2016 case he was the only one deserving of the 1 spot, there was no doubt that he is the 1. Right. There are differences within a comparison. So if hypothetically, Jokic had this same season in 2016,",take,take,
"Ant and KAT never had a 2 man game develop over the past 4 years. They had time to develop but never had chemistry. Naz is much cheaper and gives us 80-85% of KAT. Look at the Nuggets, only one all star. the bet was Ant will grow to be a top 3 player in the league. He has improved every year. Nothing has shown us differently. Our core, if retained, has Ant, Jaden, Naz, NAW, Rob, Clark, and even Donte who will be around for the foreseeable future and is just entering his prime.",take,take,
"Did you know ring culture wasn’t a thing until around 2010? Yeah, in the 90s Big O, Bill, and Wilt were the names that were in the goat debate. Today Big O isn’t even in most people’s top 10. Wilt and Bill has fallen behind people they were once ahead of. In the top 10 list, Lebron probably started with probably the worst team among them. 17-65 team, out of the whole team the only award that roster got was 1AS, the following year no one aside from Lebron got any award. Kareem’s probably the next closest, but he got Big O by like year 3.",breakdown,breakdown,
Mikans time it was MUCH harder to play. No crossover. No palming No gather step. No flagrant foul Strict rules for AST. No 3pt line. 1 FT per foul Strict rules for offensive foul. While today's players have never been more skilled the definition of skill has been changed. Given today's rules the players then would be unshackled. In the reverse today's players would be hobbled.,breakdown,breakdown,
Bron cut back on FG attempts by the hoop in the last season or two. Before he was top 3 in attempts by the hoop and around 30th in FT attempts. Most of the Lakers seasons. I didn’t look before the Lakers.,breakdown,breakdown,
"I get them [here]( It takes a moment to load the stats. I like using the last two or three seasons to really get a decent sample size. Table Data set to Free Throw Source, sort by 2pt and 1s descending, then for a player you wanna check, just divide 2pt and 1s over 2pt SFD, then multiply by 100 to get a percentage of how often they score on a shooting foul. As of today's data, over the last three seasons, here are rates of some of the dudes people like to talk about, positively and negatively, in no particular order - Embiid - 19.7% SGA - 22.6% Maxey - 30.9% Brunson - 32.6% Jokic - 33.0% Luka ",breakdown,breakdown,
"Those 10 players are either hurt (Ingram, Dick, Mogbo, Walter, Chomche), nursing an injury (IQ), having a day off for the anniversary of his late brother (RJ), or playing with inquiries and are questionable (Scottie + Ocahi). That isn't close to sitting out 10 guys for rest lmfao.",breakdown,breakdown,"reaction vs breakdown: looks like a list, but factually rebuts 'rested 10 guys' with each player's status -> breakdown"
"To be fair, DeMar has become a much better shooter since leaving the Raps. With Toronto, 1/5 shots were mid 2s (10-16 ft), and he was 43%; almost 1/3 of his shots were long 2s outside of 16 feet, and he shot 38% on them. Since leaving Toronto he's cut that long 2 down to 1/4 of his shots, and he's at 44%. If you limit it to his time since moving to CHI, he's over 50% on the long and mid 2.",breakdown,breakdown,
"Problem is that KAT becomes less valuable as an offensive player when he's at the 4. He really might be the best shooting 5 of all time, but at the 4 he doesn't take a high enough volume to really separate himself from what's pretty common in the league now.",take,take,
"Right the point is that there are multiple players who have an argument for GOAT peak. No one has anybody as the GOAT who doesn’t have an argument for GOAT peak - what you’re referring to doesn’t actually happen. The idea that there’s been some player who, at their best, was way better than everybody else at their best… just isn’t really true. A lot of what creates difference between those top players is how long they maintained their highest level of play, how translatable and scalable people think it is, etc.",take,take,
"PG's biggest flaw is that he is not a leader and takes no accountability. Worse yet, he doesn't seem to care. There's always an excuse and he doesn't seemed phased by losing. Just a total lack of passion or drive to not only succeed, but excel. And sadly the 76ers just don't have the level headed vets to keep all the personalities in line and to mission statement.",take,take,
I think there's a decent argument to be made that 2016-2017 Towns might have been the best offensive big. Embiid rookie season coming off injury. Jokic 3rd season. AD and Cousins scored more but on lower efficiency. Meanwhile KAT put up 25 ppg on over 56% efg.,breakdown,breakdown,
In the month of April leading into the playoff he shot 51.2% from 3 including games against the suns x2 lakers kings and warriors and Orlando. Just say you’re talking out your ass and move on dude.,breakdown,breakdown,
Barkley Is one of the all time awful defensive players and he played the second most important defensive position. It wasn’t just Size he had awful awareness and iq on defense. Great offensively but if he didn’t suck ass on D he’d probably have a title,take,take,
"Miami's offense sucks today. Bam and Herro just not hitting their shots when they have good looks at the basket, and some of their 3s are going in and out. They aren't playing bad, but they're constantly going 1 and done. Their defense has stopped a lot of Boston's offense on the perimeter, but it's too late now. That 2nd quarter really killed them",take,take,
"Why do you even try argue with that guy lol He just understands 0 of bb . Teams don’t even go inside when they see he is on the paint rofl . Ofc the guy is top5 right now if he had a better team, he would win a chip .",take,take,
"That’s a very big IF. Efficiency always comes down with more shots taken so you can’t just assume that if he takes 6 more 3s a game that he’d sustain the same efficiency. Curry is a career 42,5% 3pt shooter while taking 9,2 attempts a game while Reggie is a career 39,5% 3pt shooter with only 4,7 attempts a game. That’s night and day difference and there really is no argument for Reggie to be a better shooter than Curry. A much higher percentage of Reggie’s shots were open than Curry’s so that’s also something to keep in mind.",breakdown,breakdown,
"I mean, yes it’s good that it was the most watched Christmas game in 5 years but 8 million viewers is still not great when college football games are getting more views. For reference, Ohio State-Tennessee got 13 million viewers last Saturday during the same time slot on ESPN",breakdown,breakdown,
"I don’t believe they give them a cut of ad revenue. They pay the leagues a contractually-negotiated annual fee for broadcast rights, and then the network (ESPN in this case), uses advertising revenue (as well as additional revenue sources) to recoup the money they spent on the broadcast rights.",breakdown,breakdown,
Yea then you should have a good grip on how the heat are going nowhere those year because Jimmy Butler is not bringing value anymore. He was never really that good to begin with. Good size and some decent effort on defense but he needs to play linebacker on offense and flop for fouls to do any positive on offense. Any stats or info that I might be missing would be interesting to hear.,take,take,
"honestly rank nfl players differently than basketball players. Travis Kelce basically plays a different sport than someone like Lawrence Taylor. It is so hard to rank them against each other. NBA players all play the exact same sport though so it’s easier to judge. Being top 2 at your position in NFL history is more impressive to me than a top 40 NBA player. If we’re being realistic, the top 40 NFL players based on actual value to their teams are all QBs, but Lawrence Taylor and Bo Jackson are seen as all time greats of the sport still",take,take,
"McDaniels isn't on a max deal and has 4 years left on his current deal. Naz will not get anywhere close to a max contract offer. So, while you're technically check that the Wolves can't pay all four man money, we will never have to be in that position anyways",breakdown,breakdown,
"""Invading the space that Luka had the right to""? Bro, the defender established himself in that space by being the first one there. If Luka wasn't so fat and slow he would've been there first. He wasn't. The person who owns that space is the one who is there first. Just like when establishing a charge vs blocking foul.",take,take,
People are gonna talk about Luka's 38 points but he has been abysmal when the Lakers need him the most. He gets excused for being sick last game but imo.. You can't get away with abysmal in any circumstance. You gotta make SOME PLAYS in clutch time. You can't just be out there playing negative defense and negative offense.,take,take,
